INSERT INTO tenants (id, code, display_name) VALUES
    ('10000000-0000-0000-0000-000000000041', 'FARM-OPS-A', 'Farm Operations A'),
    ('10000000-0000-0000-0000-000000000042', 'FARM-OPS-B', 'Farm Operations B');

INSERT INTO employees (id, tenant_id, code, display_name) VALUES
    ('41000000-0000-0000-0000-000000000004', '10000000-0000-0000-0000-000000000041', 'EMP-A', 'Employee A'),
    ('42000000-0000-0000-0000-000000000004', '10000000-0000-0000-0000-000000000042', 'EMP-B', 'Employee B');

INSERT INTO user_profiles (id, tenant_id, employee_id, display_name) VALUES
    ('41000000-0000-0000-0000-000000000005', '10000000-0000-0000-0000-000000000041', '41000000-0000-0000-0000-000000000004', 'Operator A'),
    ('42000000-0000-0000-0000-000000000005', '10000000-0000-0000-0000-000000000042', '42000000-0000-0000-0000-000000000004', 'Operator B');

INSERT INTO farms (id, tenant_id, code, display_name) VALUES
    ('41000000-0000-0000-0000-000000000001', '10000000-0000-0000-0000-000000000041', 'FARM-A', 'Farm A'),
    ('42000000-0000-0000-0000-000000000001', '10000000-0000-0000-0000-000000000042', 'FARM-B', 'Farm B');

INSERT INTO crops (id, tenant_id, code, display_name) VALUES
    ('41000000-0000-0000-0000-000000000002', '10000000-0000-0000-0000-000000000041', 'COFFEE-A', 'Coffee A'),
    ('42000000-0000-0000-0000-000000000002', '10000000-0000-0000-0000-000000000042', 'COFFEE-B', 'Coffee B');

INSERT INTO fields (
    id, tenant_id, farm_id, code, display_name, area_hectares, responsible_employee_id
) VALUES
    ('41000000-0000-0000-0000-000000000003', '10000000-0000-0000-0000-000000000041', '41000000-0000-0000-0000-000000000001', 'FIELD-A', 'Field A', 12.5000, '41000000-0000-0000-0000-000000000004'),
    ('42000000-0000-0000-0000-000000000003', '10000000-0000-0000-0000-000000000042', '42000000-0000-0000-0000-000000000001', 'FIELD-B', 'Field B', 9.2500, '42000000-0000-0000-0000-000000000004');

INSERT INTO seasons (
    id, tenant_id, farm_id, field_id, crop_id, code, display_name,
    planned_start_date, planned_end_date, started_on, planted_area_hectares, status
) VALUES
    ('41000000-0000-0000-0000-000000000006', '10000000-0000-0000-0000-000000000041', '41000000-0000-0000-0000-000000000001', '41000000-0000-0000-0000-000000000003', '41000000-0000-0000-0000-000000000002', 'SEASON-A', 'Season A', DATE '2027-01-01', DATE '2027-12-31', DATE '2027-01-01', 10.0000, 'ACTIVE'),
    ('42000000-0000-0000-0000-000000000006', '10000000-0000-0000-0000-000000000042', '42000000-0000-0000-0000-000000000001', '42000000-0000-0000-0000-000000000003', '42000000-0000-0000-0000-000000000002', 'SEASON-B', 'Season B', DATE '2027-01-01', DATE '2027-12-31', DATE '2027-01-01', 8.0000, 'ACTIVE');

INSERT INTO user_farm_assignments (id, tenant_id, user_profile_id, farm_id) VALUES
    ('41000000-0000-0000-0000-000000000008', '10000000-0000-0000-0000-000000000041', '41000000-0000-0000-0000-000000000005', '41000000-0000-0000-0000-000000000001'),
    ('42000000-0000-0000-0000-000000000008', '10000000-0000-0000-0000-000000000042', '42000000-0000-0000-0000-000000000005', '42000000-0000-0000-0000-000000000001');

INSERT INTO activity_types (tenant_id, code, display_name) VALUES
    ('10000000-0000-0000-0000-000000000041', 'HARVEST', 'Harvest'),
    ('10000000-0000-0000-0000-000000000042', 'HARVEST', 'Harvest');

INSERT INTO activities (
    id, tenant_id, farm_id, field_id, season_id, activity_type_code, code, title,
    planned_start_at, due_at, started_at, status
) VALUES
    ('41000000-0000-0000-0000-000000000007', '10000000-0000-0000-0000-000000000041', '41000000-0000-0000-0000-000000000001', '41000000-0000-0000-0000-000000000003', '41000000-0000-0000-0000-000000000006', 'HARVEST', 'ACTIVITY-A', 'Harvest A', TIMESTAMPTZ '2027-09-01 01:00:00Z', TIMESTAMPTZ '2027-09-01 03:00:00Z', TIMESTAMPTZ '2027-09-01 01:10:00Z', 'STARTED'),
    ('42000000-0000-0000-0000-000000000007', '10000000-0000-0000-0000-000000000042', '42000000-0000-0000-0000-000000000001', '42000000-0000-0000-0000-000000000003', '42000000-0000-0000-0000-000000000006', 'HARVEST', 'ACTIVITY-B', 'Harvest B', TIMESTAMPTZ '2027-09-02 01:00:00Z', TIMESTAMPTZ '2027-09-02 03:00:00Z', TIMESTAMPTZ '2027-09-02 01:10:00Z', 'STARTED');

INSERT INTO activity_assignees (id, tenant_id, activity_id, employee_id) VALUES
    ('41000000-0000-0000-0000-000000000009', '10000000-0000-0000-0000-000000000041', '41000000-0000-0000-0000-000000000007', '41000000-0000-0000-0000-000000000004'),
    ('42000000-0000-0000-0000-000000000009', '10000000-0000-0000-0000-000000000042', '42000000-0000-0000-0000-000000000007', '42000000-0000-0000-0000-000000000004');

INSERT INTO activity_logs (
    id, tenant_id, activity_id, employee_id, author_profile_id, occurred_at, notes, quantity, unit_code
) VALUES
    ('41000000-0000-0000-0000-000000000010', '10000000-0000-0000-0000-000000000041', '41000000-0000-0000-0000-000000000007', '41000000-0000-0000-0000-000000000004', '41000000-0000-0000-0000-000000000005', TIMESTAMPTZ '2027-09-01 02:00:00Z', 'Harvested batch A', 100.0000, 'KG'),
    ('42000000-0000-0000-0000-000000000010', '10000000-0000-0000-0000-000000000042', '42000000-0000-0000-0000-000000000007', '42000000-0000-0000-0000-000000000004', '42000000-0000-0000-0000-000000000005', TIMESTAMPTZ '2027-09-02 02:00:00Z', 'Harvested batch B', 90.0000, 'KG');

INSERT INTO harvests (
    id, tenant_id, farm_id, field_id, season_id, crop_id, recorded_by_profile_id,
    occurred_on, quantity_kg, waste_quantity_kg, quality_grade, revenue_vnd
) VALUES
    ('41000000-0000-0000-0000-000000000011', '10000000-0000-0000-0000-000000000041', '41000000-0000-0000-0000-000000000001', '41000000-0000-0000-0000-000000000003', '41000000-0000-0000-0000-000000000006', '41000000-0000-0000-0000-000000000002', '41000000-0000-0000-0000-000000000005', DATE '2027-09-01', 100.000, 2.000, 'A', 2500000.00),
    ('42000000-0000-0000-0000-000000000011', '10000000-0000-0000-0000-000000000042', '42000000-0000-0000-0000-000000000001', '42000000-0000-0000-0000-000000000003', '42000000-0000-0000-0000-000000000006', '42000000-0000-0000-0000-000000000002', '42000000-0000-0000-0000-000000000005', DATE '2027-09-02', 90.000, 1.000, 'B', 2100000.00);
