INSERT INTO tenants (id, code, display_name) VALUES
    ('10000000-0000-0000-0000-000000000001', 'TENANT-A', 'Tenant A'),
    ('10000000-0000-0000-0000-000000000002', 'TENANT-B', 'Tenant B'),
    ('10000000-0000-0000-0000-000000000003', 'TENANT-C', 'Tenant C');

INSERT INTO user_profiles (id, tenant_id, display_name) VALUES
    ('20000000-0000-0000-0000-000000000001', '10000000-0000-0000-0000-000000000001', 'Admin A'),
    ('20000000-0000-0000-0000-000000000002', '10000000-0000-0000-0000-000000000002', 'Admin B'),
    ('20000000-0000-0000-0000-000000000003', '10000000-0000-0000-0000-000000000003', 'Admin C');

INSERT INTO external_identities (id, tenant_id, user_profile_id, issuer, subject) VALUES
    ('21000000-0000-0000-0000-000000000001', '10000000-0000-0000-0000-000000000001', '20000000-0000-0000-0000-000000000001', 'https://identity.example.test/issuer', 'subject-a'),
    ('21000000-0000-0000-0000-000000000002', '10000000-0000-0000-0000-000000000002', '20000000-0000-0000-0000-000000000002', 'https://identity.example.test/issuer', 'subject-b'),
    ('21000000-0000-0000-0000-000000000003', '10000000-0000-0000-0000-000000000003', '20000000-0000-0000-0000-000000000003', 'https://identity.example.test/issuer', 'subject-c');

INSERT INTO user_roles (id, tenant_id, user_profile_id, role_code) VALUES
    ('22000000-0000-0000-0000-000000000001', '10000000-0000-0000-0000-000000000001', '20000000-0000-0000-0000-000000000001', 'TENANT_ADMIN'),
    ('22000000-0000-0000-0000-000000000002', '10000000-0000-0000-0000-000000000002', '20000000-0000-0000-0000-000000000002', 'TENANT_ADMIN'),
    ('22000000-0000-0000-0000-000000000003', '10000000-0000-0000-0000-000000000003', '20000000-0000-0000-0000-000000000003', 'TENANT_ADMIN');
